{"num_parameters_encoder": 4537398, "_timestamp": 1722774613.4157972, "_runtime": 6.9944541454315186, "_step": 0}