{"num_parameters_encoder": 4537398, "_timestamp": 1723291926.7090535, "_runtime": 11.271138429641724, "_step": 0}