{"num_parameters_encoder": 4537398, "_timestamp": 1722774987.8399768, "_runtime": 6.002084732055664, "_step": 0}