{"num_parameters_encoder": 4537398, "_timestamp": 1723292122.1365938, "_runtime": 11.015496730804443, "_step": 0}