{"num_ones_to_keep": 48, "_timestamp": 1723486461.3346727, "_runtime": 63.196014642715454, "_step": 11, "loss_train": 0.3149135708808899, "_wandb": {"runtime": 76}}