{"num_parameters_encoder": 34074, "_timestamp": 1723734766.7952807, "_runtime": 122.4073576927185, "_step": 6, "loss_train": -22.79473066962973, "loss_test": -22.887245631085516, "random_num": 8, "epoch": 2}