{"num_parameters_encoder": 4542030, "_timestamp": 1723545241.2584786, "_runtime": 6.22250771522522, "_step": 0}