{"num_ones_to_keep": 21, "_timestamp": 1723487922.611056, "_runtime": 49.671648025512695, "_step": 14, "loss_train": 0.3452596068382263, "loss_test": 0.359325647354126}