{"num_parameters_encoder": 4537398, "_timestamp": 1722774866.627015, "_runtime": 7.263582229614258, "_step": 0}