{"_timestamp":1.744985074028588e+09,"num_parameters_encoder":6134902,"loss_test":-42.174023187792116,"_wandb":{"runtime":55},"loss_train":-42.035294566300244,"_runtime":48.980077132,"epoch":3,"_step":9,"random_num":22}