{"num_parameters_encoder": 4537398, "_timestamp": 1723292026.4807584, "_runtime": 10.531660318374634, "_step": 0, "_wandb": {"runtime": 33}}