{"num_ones_to_keep": 10, "_timestamp": 1723486528.9045746, "_runtime": 39.6860466003418, "_step": 14, "loss_train": 0.2939857244491577, "loss_test": 0.28555754721164706}