{"num_parameters_encoder": 4542030, "_timestamp": 1723545007.220012, "_runtime": 9.516463994979858, "_step": 0}