{"num_parameters_encoder": 18124878, "_timestamp": 1723544774.3603263, "_runtime": 6.059764385223389, "_step": 0}