{"num_parameters_encoder": 4537398, "_timestamp": 1722774764.2804682, "_runtime": 7.1981611251831055, "_step": 0}