{"num_parameters_encoder": 4537398, "_timestamp": 1722774924.9145155, "_runtime": 6.082865476608276, "_step": 0}