{"num_parameters_encoder": 4542030, "_timestamp": 1723545151.330886, "_runtime": 5.726013898849487, "_step": 0}