{"num_parameters_encoder": 75394, "_timestamp": 1721915805.611721, "_runtime": 148.73836708068848, "_step": 12, "loss_train": -37.26062196124744, "loss_test": -39.49353949539177, "random_num": 16, "epoch": 2, "mmd_t": 0.04849027409506501, "mmd_r": 0.04830164955128158, "mmd_gmm": 0.04651194238020695, "c_t": 0.025886857235984075, "c_r": 0.02458999126257778, "c_gmm": 0.025032391804535203}